<?xml version="1.0" encoding="UTF-8"?>
<metadata xml:lang="pt"><Esri><CreaDate>20170817</CreaDate><CreaTime>15513700</CreaTime><ArcGISFormat>1.0</ArcGISFormat><SyncOnce>TRUE</SyncOnce><DataProperties><lineage><Process ToolSource="C:\Program Files (x86)\ArcGIS\Desktop10.0\ArcToolbox\Toolboxes\Data Management Tools.tbx\CalculateField" Date="20160426" Time="153800">CalculateField Paradas_do_VLT_Point Layer_OLD "SY-TRA-STA-CON" VB #</Process><Process ToolSource="C:\Program Files (x86)\ArcGIS\Desktop10.0\ArcToolbox\Toolboxes\Data Management Tools.tbx\CalculateField" Date="20160426" Time="154401">CalculateField Paradas_do_VLT_Point Layer_OLD "_STATION" VB #</Process><Process ToolSource="C:\Program Files (x86)\ArcGIS\Desktop10.0\ArcToolbox\Toolboxes\Data Management Tools.tbx\CalculateField" Date="20170817" Time="170623">CalculateField "Pontos do VLT" Nome [Layer] VB #</Process></lineage></DataProperties></Esri></metadata>
